TRAIN,../images/Photo on 10-03-2020 at 12.43 #4-2020-03-10T11:00:52.474Z.jpg,0,0.4873016,0.5095238,0.62777776,0.5095238,0.62777776,0.7619048,0.4873016,0.7619048
TRAIN,../images/Photo on 10-03-2020 at 12.43 #4-2020-03-10T11:00:52.474Z.jpg,0,0.6230159,0.22261904,0.7246032,0.22261904,0.7246032,0.43452382,0.6230159,0.43452382
TRAIN,../images/Photo on 10-03-2020 at 12.43 #4-2020-03-10T11:00:52.474Z.jpg,X,0.22222222,0.22380953,0.40238094,0.22380953,0.40238094,0.54642856,0.22222222,0.54642856
TRAIN,../images/Photo on 10-03-2020 at 12.43 #4-2020-03-10T11:00:52.474Z.jpg,X,0.41507936,0.2559524,0.5626984,0.2559524,0.5626984,0.49761903,0.41507936,0.49761903
TRAIN,../images/Photo on 10-03-2020 at 12.46 #5-2020-03-10T11:00:52.474Z.jpg,0,0.4706349,0.16547619,0.565873,0.16547619,0.565873,0.37619048,0.4706349,0.37619048
TRAIN,../images/Photo on 10-03-2020 at 12.31-2020-03-10T11:00:52.474Z.jpg,0,0.4873016,0.57857144,0.57539684,0.57857144,0.57539684,0.70714283,0.4873016,0.70714283
TRAIN,../images/Photo on 10-03-2020 at 12.31-2020-03-10T11:00:52.474Z.jpg,X,0.5531746,0.0023809525,0.72063494,0.0023809525,0.72063494,0.20714286,0.5531746,0.20714286
TRAIN,../images/Photo on 10-03-2020 at 12.31-2020-03-10T11:00:52.474Z.jpg,X,0.23253968,0.0702381,0.3420635,0.0702381,0.3420635,0.31666666,0.23253968,0.31666666
TRAIN,../images/Photo on 10-03-2020 at 12.31-2020-03-10T11:00:52.474Z.jpg,0,0.43412697,0.042857144,0.51666665,0.042857144,0.51666665,0.29285714,0.43412697,0.29285714
TRAIN,../images/Photo on 10-03-2020 at 12.31-2020-03-10T11:00:52.474Z.jpg,X,0.28650793,0.6130952,0.41904762,0.6130952,0.41904762,0.74285716,0.28650793,0.74285716
TRAIN,../images/Photo on 10-03-2020 at 12.31-2020-03-10T11:00:52.474Z.jpg,0,0.6174603,0.29642856,0.7095238,0.29642856,0.7095238,0.48809522,0.6174603,0.48809522
TRAIN,../images/Photo on 10-03-2020 at 12.31-2020-03-10T11:00:52.474Z.jpg,X,0.6142857,0.5392857,0.73968256,0.5392857,0.73968256,0.6642857,0.6142857,0.6642857
TRAIN,../images/Photo on 10-03-2020 at 12.31-2020-03-10T11:00:52.474Z.jpg,X,0.42301586,0.34166667,0.5777778,0.34166667,0.5777778,0.5345238,0.42301586,0.5345238
TRAIN,../images/Photo on 10-03-2020 at 12.31-2020-03-10T11:00:52.474Z.jpg,0,0.27698413,0.3857143,0.3674603,0.3857143,0.3674603,0.56666666,0.27698413,0.56666666
TRAIN,../images/Photo on 10-03-2020 at 12.43 #2-2020-03-10T11:00:52.474Z.jpg,X,0.41190475,0.2857143,0.5626984,0.2857143,0.5626984,0.4940476,0.41190475,0.4940476
TRAIN,../images/Photo on 10-03-2020 at 12.43 #2-2020-03-10T11:00:52.474Z.jpg,0,0.4888889,0.50357145,0.62857145,0.50357145,0.62857145,0.74761903,0.4888889,0.74761903
TRAIN,../images/Photo on 10-03-2020 at 12.45 #6-2020-03-10T11:00:52.474Z.jpg,X,0.44206348,0.52619046,0.5642857,0.52619046,0.5642857,0.71666664,0.44206348,0.71666664
TRAIN,../images/Photo on 10-03-2020 at 12.45 #6-2020-03-10T11:00:52.474Z.jpg,0,0.60634923,0.4797619,0.74523807,0.4797619,0.74523807,0.67261904,0.60634923,0.67261904
TRAIN,../images/Photo on 10-03-2020 at 12.32-2020-03-10T11:00:52.474Z.jpg,0,0.33015874,0.6952381,0.41190475,0.6952381,0.41190475,0.83690476,0.33015874,0.83690476
TRAIN,../images/Photo on 10-03-2020 at 12.32-2020-03-10T11:00:52.474Z.jpg,0,0.6420635,0.59761906,0.7246032,0.59761906,0.7246032,0.7809524,0.6420635,0.7809524
TRAIN,../images/Photo on 10-03-2020 at 12.32-2020-03-10T11:00:52.474Z.jpg,0,0.4531746,0.37857142,0.5420635,0.37857142,0.5420635,0.62142855,0.4531746,0.62142855
TRAIN,../images/Photo on 10-03-2020 at 12.32-2020-03-10T11:00:52.474Z.jpg,X,0.43650794,0.65833336,0.5626984,0.65833336,0.5626984,0.80833334,0.43650794,0.80833334
TRAIN,../images/Photo on 10-03-2020 at 12.32-2020-03-10T11:00:52.474Z.jpg,0,0.63174605,0.2702381,0.73571426,0.2702381,0.73571426,0.51428574,0.63174605,0.51428574
TRAIN,../images/Photo on 10-03-2020 at 12.32-2020-03-10T11:00:52.474Z.jpg,0,0.2952381,0.43452382,0.41031745,0.43452382,0.41031745,0.6345238,0.2952381,0.6345238
TRAIN,../images/Photo on 10-03-2020 at 12.32-2020-03-10T11:00:52.474Z.jpg,X,0.61825395,0.005952381,0.75555557,0.005952381,0.75555557,0.17619048,0.61825395,0.17619048
TRAIN,../images/Photo on 10-03-2020 at 12.32-2020-03-10T11:00:52.474Z.jpg,X,0.1968254,0.05357143,0.35396826,0.05357143,0.35396826,0.31309524,0.1968254,0.31309524
TRAIN,../images/Photo on 10-03-2020 at 12.32-2020-03-10T11:00:52.474Z.jpg,0,0.41428572,0.005952381,0.53968257,0.005952381,0.53968257,0.26666668,0.41428572,0.26666668
TRAIN,../images/Photo on 10-03-2020 at 12.44 #2-2020-03-10T11:00:52.474Z.jpg,0,0.4873016,0.5083333,0.6293651,0.5083333,0.6293651,0.75476193,0.4873016,0.75476193
TRAIN,../images/Photo on 10-03-2020 at 12.44 #2-2020-03-10T11:00:52.474Z.jpg,X,0.3468254,0.5904762,0.47460318,0.5904762,0.47460318,0.75357145,0.3468254,0.75357145
TRAIN,../images/Photo on 10-03-2020 at 12.44 #2-2020-03-10T11:00:52.474Z.jpg,X,0.6468254,0.47619048,0.76666665,0.47619048,0.76666665,0.7107143,0.6468254,0.7107143
TRAIN,../images/Photo on 10-03-2020 at 12.44 #2-2020-03-10T11:00:52.474Z.jpg,X,0.41587302,0.26904762,0.5642857,0.26904762,0.5642857,0.4845238,0.41587302,0.4845238
TRAIN,../images/Photo on 10-03-2020 at 12.44 #2-2020-03-10T11:00:52.474Z.jpg,X,0.23333333,0.23333333,0.4047619,0.23333333,0.4047619,0.53333336,0.23333333,0.53333336
TRAIN,../images/Photo on 10-03-2020 at 12.44 #2-2020-03-10T11:00:52.474Z.jpg,0,0.61825395,0.22380953,0.7246032,0.22380953,0.7246032,0.41904762,0.61825395,0.41904762
TRAIN,../images/Photo on 10-03-2020 at 12.44-2020-03-10T11:00:52.474Z.jpg,0,0.61587304,0.22261904,0.72063494,0.22261904,0.72063494,0.43452382,0.61587304,0.43452382
TRAIN,../images/Photo on 10-03-2020 at 12.44-2020-03-10T11:00:52.474Z.jpg,X,0.22698413,0.22857143,0.3920635,0.22857143,0.3920635,0.55,0.22698413,0.55
TRAIN,../images/Photo on 10-03-2020 at 12.44-2020-03-10T11:00:52.474Z.jpg,X,0.33730158,0.59880954,0.4626984,0.59880954,0.4626984,0.75357145,0.33730158,0.75357145
TRAIN,../images/Photo on 10-03-2020 at 12.44-2020-03-10T11:00:52.474Z.jpg,X,0.41428572,0.2857143,0.5619048,0.2857143,0.5619048,0.49166667,0.41428572,0.49166667
TRAIN,../images/Photo on 10-03-2020 at 12.44-2020-03-10T11:00:52.474Z.jpg,0,0.48650792,0.50476193,0.6293651,0.50476193,0.6293651,0.7595238,0.48650792,0.7595238
TRAIN,../images/Photo on 10-03-2020 at 12.35-2020-03-10T11:00:52.474Z.jpg,0,0.26666668,0.08571429,0.37222221,0.08571429,0.37222221,0.3297619,0.26666668,0.3297619
TRAIN,../images/Photo on 10-03-2020 at 12.35-2020-03-10T11:00:52.474Z.jpg,0,0.45238096,0.025,0.53809524,0.025,0.53809524,0.28214285,0.45238096,0.28214285
TRAIN,../images/Photo on 10-03-2020 at 12.35-2020-03-10T11:00:52.474Z.jpg,0,0.47460318,0.61190474,0.5626984,0.61190474,0.5626984,0.8095238,0.47460318,0.8095238
TRAIN,../images/Photo on 10-03-2020 at 12.35-2020-03-10T11:00:52.474Z.jpg,X,0.6174603,0.36666667,0.715873,0.36666667,0.715873,0.5642857,0.6174603,0.5642857
TRAIN,../images/Photo on 10-03-2020 at 12.35-2020-03-10T11:00:52.474Z.jpg,0,0.30476192,0.46071428,0.41666666,0.46071428,0.41666666,0.62976193,0.30476192,0.62976193
TRAIN,../images/Photo on 10-03-2020 at 12.35-2020-03-10T11:00:52.474Z.jpg,X,0.45,0.4059524,0.5769841,0.4059524,0.5769841,0.6,0.45,0.6
TRAIN,../images/Photo on 10-03-2020 at 12.35-2020-03-10T11:00:52.474Z.jpg,X,0.60634923,0.0011904762,0.73650795,0.0011904762,0.73650795,0.25238097,0.60634923,0.25238097
TRAIN,../images/Photo on 10-03-2020 at 12.35-2020-03-10T11:00:52.474Z.jpg,0,0.31587303,0.66785717,0.41666666,0.66785717,0.41666666,0.8404762,0.31587303,0.8404762
TRAIN,../images/Photo on 10-03-2020 at 12.35-2020-03-10T11:00:52.474Z.jpg,0,0.6357143,0.5904762,0.7214286,0.5904762,0.7214286,0.7821429,0.6357143,0.7821429
TRAIN,../images/Photo on 10-03-2020 at 12.30 #2-2020-03-10T11:00:52.474Z.jpg,X,0.65555555,0.09642857,0.76031744,0.09642857,0.76031744,0.3595238,0.65555555,0.3595238
TRAIN,../images/Photo on 10-03-2020 at 12.30 #2-2020-03-10T11:00:52.474Z.jpg,0,0.61904764,0.65,0.69285715,0.65,0.69285715,0.81666666,0.61904764,0.81666666
TRAIN,../images/Photo on 10-03-2020 at 12.30 #2-2020-03-10T11:00:52.474Z.jpg,0,0.32380953,0.73333335,0.41587302,0.73333335,0.41587302,0.8559524,0.32380953,0.8559524
TRAIN,../images/Photo on 10-03-2020 at 12.30 #2-2020-03-10T11:00:52.474Z.jpg,X,0.44126984,0.4595238,0.5309524,0.4595238,0.5309524,0.61904764,0.44126984,0.61904764
TRAIN,../images/Photo on 10-03-2020 at 12.30 #2-2020-03-10T11:00:52.474Z.jpg,0,0.43253967,0.21071428,0.53174603,0.21071428,0.53174603,0.42142856,0.43253967,0.42142856
TRAIN,../images/Photo on 10-03-2020 at 12.30 #2-2020-03-10T11:00:52.474Z.jpg,X,0.44682539,0.68095237,0.53650796,0.68095237,0.53650796,0.83214283,0.44682539,0.83214283
TRAIN,../images/Photo on 10-03-2020 at 12.30 #2-2020-03-10T11:00:52.474Z.jpg,0,0.31269842,0.50595236,0.39126983,0.50595236,0.39126983,0.68095237,0.31269842,0.68095237
TRAIN,../images/Photo on 10-03-2020 at 12.30 #2-2020-03-10T11:00:52.474Z.jpg,X,0.2626984,0.20238096,0.36507937,0.20238096,0.36507937,0.45238096,0.2626984,0.45238096
TRAIN,../images/Photo on 10-03-2020 at 12.30 #2-2020-03-10T11:00:52.474Z.jpg,0,0.6198413,0.43452382,0.71666664,0.43452382,0.71666664,0.64047617,0.6198413,0.64047617
TRAIN,../images/Photo on 10-03-2020 at 12.45 #4-2020-03-10T11:00:52.474Z.jpg,0,0.43730158,0.34761906,0.55396825,0.34761906,0.55396825,0.5107143,0.43730158,0.5107143
TRAIN,../images/Photo on 10-03-2020 at 12.45 #4-2020-03-10T11:00:52.474Z.jpg,X,0.58809525,0.005952381,0.73333335,0.005952381,0.73333335,0.21547619,0.58809525,0.21547619
TRAIN,../images/Photo on 10-03-2020 at 12.45 #4-2020-03-10T11:00:52.474Z.jpg,0,0.61269844,0.4952381,0.7253968,0.4952381,0.7253968,0.6547619,0.61269844,0.6547619
TRAIN,../images/Photo on 10-03-2020 at 12.45 #4-2020-03-10T11:00:52.474Z.jpg,X,0.45555556,0.5535714,0.5777778,0.5535714,0.5777778,0.6869048,0.45555556,0.6869048
TRAIN,../images/Photo on 10-03-2020 at 12.45 #4-2020-03-10T11:00:52.474Z.jpg,0,0.44206348,0.04047619,0.53968257,0.04047619,0.53968257,0.28452381,0.44206348,0.28452381
TRAIN,../images/Photo on 10-03-2020 at 12.45 #4-2020-03-10T11:00:52.474Z.jpg,X,0.2888889,0.37738097,0.41507936,0.37738097,0.41507936,0.5595238,0.2888889,0.5595238
TRAIN,../images/Photo on 10-03-2020 at 12.45 #4-2020-03-10T11:00:52.474Z.jpg,0,0.27063492,0.0952381,0.4047619,0.0952381,0.4047619,0.32023808,0.27063492,0.32023808
TRAIN,../images/Photo on 10-03-2020 at 12.45 #4-2020-03-10T11:00:52.474Z.jpg,0,0.34285715,0.60714287,0.42857143,0.60714287,0.42857143,0.7416667,0.34285715,0.7416667
TRAIN,../images/Photo on 10-03-2020 at 12.45 #4-2020-03-10T11:00:52.474Z.jpg,X,0.63095236,0.27738094,0.72619045,0.27738094,0.72619045,0.42738095,0.63095236,0.42738095
TRAIN,../images/Photo on 10-03-2020 at 12.45 #2-2020-03-10T11:00:52.474Z.jpg,0,0.43968254,0.04761905,0.53650796,0.04761905,0.53650796,0.29404762,0.43968254,0.29404762
TRAIN,../images/Photo on 10-03-2020 at 12.45 #2-2020-03-10T11:00:52.474Z.jpg,X,0.44285715,0.54761904,0.5777778,0.54761904,0.5777778,0.68095237,0.44285715,0.68095237
TRAIN,../images/Photo on 10-03-2020 at 12.45 #2-2020-03-10T11:00:52.474Z.jpg,X,0.60634923,0.008333334,0.73571426,0.008333334,0.73571426,0.22619048,0.60634923,0.22619048
TRAIN,../images/Photo on 10-03-2020 at 12.45 #2-2020-03-10T11:00:52.474Z.jpg,0,0.44206348,0.34047619,0.5515873,0.34047619,0.5515873,0.5214286,0.44206348,0.5214286
TRAIN,../images/Photo on 10-03-2020 at 12.45 #2-2020-03-10T11:00:52.474Z.jpg,X,0.6301587,0.28452381,0.7309524,0.28452381,0.7309524,0.41666666,0.6301587,0.41666666
TRAIN,../images/Photo on 10-03-2020 at 12.45 #2-2020-03-10T11:00:52.474Z.jpg,X,0.28650793,0.37261903,0.41587302,0.37261903,0.41587302,0.55833334,0.28650793,0.55833334
TRAIN,../images/Photo on 10-03-2020 at 12.45 #2-2020-03-10T11:00:52.474Z.jpg,0,0.26587301,0.075,0.40555555,0.075,0.40555555,0.33095238,0.26587301,0.33095238
TRAIN,../images/Photo on 10-03-2020 at 12.46-2020-03-10T11:00:52.474Z.jpg,X,0.24206349,0.08214286,0.37619048,0.08214286,0.37619048,0.31190476,0.24206349,0.31190476
TRAIN,../images/Photo on 10-03-2020 at 12.46-2020-03-10T11:00:52.474Z.jpg,0,0.32142857,0.56904763,0.41428572,0.56904763,0.41428572,0.7380952,0.32142857,0.7380952
TRAIN,../images/Photo on 10-03-2020 at 12.46-2020-03-10T11:00:52.474Z.jpg,X,0.4579365,0.53333336,0.5611111,0.53333336,0.5611111,0.70238096,0.4579365,0.70238096
TRAIN,../images/Photo on 10-03-2020 at 12.46-2020-03-10T11:00:52.474Z.jpg,0,0.42619047,0.27261904,0.53571427,0.27261904,0.53571427,0.49285713,0.42619047,0.49285713
TRAIN,../images/Photo on 10-03-2020 at 12.46-2020-03-10T11:00:52.474Z.jpg,X,0.5801587,0.17619048,0.7079365,0.17619048,0.7079365,0.39761904,0.5801587,0.39761904
TRAIN,../images/Photo on 10-03-2020 at 12.46-2020-03-10T11:00:52.474Z.jpg,0,0.60952383,0.4797619,0.7412698,0.4797619,0.7412698,0.66071427,0.60952383,0.66071427
TRAIN,../images/Photo on 10-03-2020 at 12.47 #5-2020-03-10T11:00:52.474Z.jpg,0,0.6452381,0.13095239,0.7277778,0.13095239,0.7277778,0.3654762,0.6452381,0.3654762
TRAIN,../images/Photo on 10-03-2020 at 12.47 #5-2020-03-10T11:00:52.474Z.jpg,0,0.4769841,0.16904762,0.5674603,0.16904762,0.5674603,0.3809524,0.4769841,0.3809524
TRAIN,../images/Photo on 10-03-2020 at 12.47 #5-2020-03-10T11:00:52.474Z.jpg,X,0.38968253,0.5928571,0.47619048,0.5928571,0.47619048,0.7404762,0.38968253,0.7404762
TRAIN,../images/Photo on 10-03-2020 at 12.47 #5-2020-03-10T11:00:52.474Z.jpg,0,0.64444447,0.39404762,0.72936505,0.39404762,0.72936505,0.5392857,0.64444447,0.5392857
TRAIN,../images/Photo on 10-03-2020 at 12.47 #5-2020-03-10T11:00:52.474Z.jpg,X,0.48809522,0.39285713,0.61190474,0.39285713,0.61190474,0.55,0.48809522,0.55
TRAIN,../images/Photo on 10-03-2020 at 12.47 #5-2020-03-10T11:00:52.474Z.jpg,X,0.32222223,0.13809524,0.43650794,0.13809524,0.43650794,0.3607143,0.32222223,0.3607143
TRAIN,../images/Photo on 10-03-2020 at 12.47 #5-2020-03-10T11:00:52.474Z.jpg,0,0.50476193,0.5702381,0.6111111,0.5702381,0.6111111,0.71309525,0.50476193,0.71309525
TRAIN,../images/Photo on 10-03-2020 at 12.47 #5-2020-03-10T11:00:52.474Z.jpg,0,0.33412698,0.40238094,0.44206348,0.40238094,0.44206348,0.5940476,0.33412698,0.5940476
TRAIN,../images/Photo on 10-03-2020 at 12.44 #3-2020-03-10T11:00:52.474Z.jpg,X,0.27142859,0.36666667,0.42222223,0.36666667,0.42222223,0.5714286,0.27142859,0.5714286
TRAIN,../images/Photo on 10-03-2020 at 12.43 #3-2020-03-10T11:00:52.474Z.jpg,X,0.41428572,0.2809524,0.5595238,0.2809524,0.5595238,0.4904762,0.41428572,0.4904762
TRAIN,../images/Photo on 10-03-2020 at 12.43 #3-2020-03-10T11:00:52.474Z.jpg,X,0.23571429,0.23571429,0.39761904,0.23571429,0.39761904,0.552381,0.23571429,0.552381
TRAIN,../images/Photo on 10-03-2020 at 12.43 #3-2020-03-10T11:00:52.474Z.jpg,0,0.4857143,0.5011905,0.62460315,0.5011905,0.62460315,0.76547617,0.4857143,0.76547617
TRAIN,../images/Photo on 10-03-2020 at 12.44 #6-2020-03-10T11:00:52.474Z.jpg,0,0.43968254,0.048809525,0.5373016,0.048809525,0.5373016,0.2857143,0.43968254,0.2857143
TRAIN,../images/Photo on 10-03-2020 at 12.44 #6-2020-03-10T11:00:52.474Z.jpg,X,0.28333333,0.37142858,0.41428572,0.37142858,0.41428572,0.5630952,0.28333333,0.5630952
TRAIN,../images/Photo on 10-03-2020 at 12.44 #6-2020-03-10T11:00:52.474Z.jpg,X,0.5928571,0.005952381,0.734127,0.005952381,0.734127,0.22857143,0.5928571,0.22857143
TRAIN,../images/Photo on 10-03-2020 at 12.44 #6-2020-03-10T11:00:52.474Z.jpg,0,0.26190478,0.08571429,0.4015873,0.08571429,0.4015873,0.32261905,0.26190478,0.32261905
TRAIN,../images/Photo on 10-03-2020 at 12.47 #6-2020-03-10T11:00:52.474Z.jpg,0,0.4753968,0.17380953,0.5674603,0.17380953,0.5674603,0.3797619,0.4753968,0.3797619
TRAIN,../images/Photo on 10-03-2020 at 12.47 #6-2020-03-10T11:00:52.474Z.jpg,X,0.48174602,0.4,0.60396826,0.4,0.60396826,0.54285717,0.48174602,0.54285717
TRAIN,../images/Photo on 10-03-2020 at 12.47 #6-2020-03-10T11:00:52.474Z.jpg,0,0.6452381,0.39642859,0.7253968,0.39642859,0.7253968,0.5309524,0.6452381,0.5309524
TRAIN,../images/Photo on 10-03-2020 at 12.47 #6-2020-03-10T11:00:52.474Z.jpg,X,0.6547619,0.56666666,0.74285716,0.56666666,0.74285716,0.6880952,0.6547619,0.6880952
TRAIN,../images/Photo on 10-03-2020 at 12.47 #6-2020-03-10T11:00:52.474Z.jpg,0,0.6420635,0.13690476,0.72936505,0.13690476,0.72936505,0.34761906,0.6420635,0.34761906
TRAIN,../images/Photo on 10-03-2020 at 12.47 #6-2020-03-10T11:00:52.474Z.jpg,X,0.37380952,0.5964286,0.47301587,0.5964286,0.47301587,0.7297619,0.37380952,0.7297619
TRAIN,../images/Photo on 10-03-2020 at 12.47 #6-2020-03-10T11:00:52.474Z.jpg,X,0.31825396,0.13809524,0.43174604,0.13809524,0.43174604,0.35833332,0.31825396,0.35833332
TRAIN,../images/Photo on 10-03-2020 at 12.47 #6-2020-03-10T11:00:52.474Z.jpg,0,0.3452381,0.4107143,0.44444445,0.4107143,0.44444445,0.5904762,0.3452381,0.5904762
TRAIN,../images/Photo on 10-03-2020 at 12.44 #7-2020-03-10T11:00:52.474Z.jpg,X,0.6111111,0.28214285,0.73333335,0.28214285,0.73333335,0.42380953,0.6111111,0.42380953
TRAIN,../images/Photo on 10-03-2020 at 12.44 #7-2020-03-10T11:00:52.474Z.jpg,X,0.28015873,0.3690476,0.41984126,0.3690476,0.41984126,0.5595238,0.28015873,0.5595238
TRAIN,../images/Photo on 10-03-2020 at 12.44 #7-2020-03-10T11:00:52.474Z.jpg,X,0.5865079,0.005952381,0.73968256,0.005952381,0.73968256,0.21071428,0.5865079,0.21071428
TRAIN,../images/Photo on 10-03-2020 at 12.44 #7-2020-03-10T11:00:52.474Z.jpg,0,0.43492064,0.05,0.5420635,0.05,0.5420635,0.28452381,0.43492064,0.28452381
TRAIN,../images/Photo on 10-03-2020 at 12.44 #7-2020-03-10T11:00:52.474Z.jpg,0,0.2595238,0.08928572,0.4031746,0.08928572,0.4031746,0.33214286,0.2595238,0.33214286
TRAIN,../images/Photo on 10-03-2020 at 12.47 #2-2020-03-10T11:00:52.474Z.jpg,X,0.47936508,0.39404762,0.61587304,0.39404762,0.61587304,0.552381,0.47936508,0.552381
TRAIN,../images/Photo on 10-03-2020 at 12.47 #2-2020-03-10T11:00:52.474Z.jpg,X,0.31666666,0.1404762,0.43333334,0.1404762,0.43333334,0.3690476,0.31666666,0.3690476
TRAIN,../images/Photo on 10-03-2020 at 12.47 #2-2020-03-10T11:00:52.474Z.jpg,0,0.4738095,0.17380953,0.568254,0.17380953,0.568254,0.3702381,0.4738095,0.3702381
TRAIN,../images/Photo on 10-03-2020 at 12.47 #2-2020-03-10T11:00:52.474Z.jpg,0,0.63730156,0.13928571,0.7309524,0.13928571,0.7309524,0.35238096,0.63730156,0.35238096
TRAIN,../images/Photo on 10-03-2020 at 12.47 #2-2020-03-10T11:00:52.474Z.jpg,0,0.34444445,0.40833333,0.45079365,0.40833333,0.45079365,0.5964286,0.34444445,0.5964286
TRAIN,../images/Photo on 10-03-2020 at 12.43-2020-03-10T11:00:52.474Z.jpg,X,0.41825396,0.2904762,0.5650794,0.2904762,0.5650794,0.49642858,0.41825396,0.49642858
TRAIN,../images/Photo on 10-03-2020 at 12.45-2020-03-10T11:00:52.474Z.jpg,0,0.44126984,0.34642857,0.5452381,0.34642857,0.5452381,0.51547617,0.44126984,0.51547617
TRAIN,../images/Photo on 10-03-2020 at 12.45-2020-03-10T11:00:52.474Z.jpg,X,0.28809524,0.36666667,0.42142856,0.36666667,0.42142856,0.5595238,0.28809524,0.5595238
TRAIN,../images/Photo on 10-03-2020 at 12.45-2020-03-10T11:00:52.474Z.jpg,X,0.61190474,0.00952381,0.73333335,0.00952381,0.73333335,0.21904762,0.61190474,0.21904762
TRAIN,../images/Photo on 10-03-2020 at 12.45-2020-03-10T11:00:52.474Z.jpg,0,0.26190478,0.09166667,0.4015873,0.09166667,0.4015873,0.32142857,0.26190478,0.32142857
TRAIN,../images/Photo on 10-03-2020 at 12.45-2020-03-10T11:00:52.474Z.jpg,X,0.6261905,0.28214285,0.73015875,0.28214285,0.73015875,0.44166666,0.6261905,0.44166666
TRAIN,../images/Photo on 10-03-2020 at 12.45-2020-03-10T11:00:52.474Z.jpg,0,0.43650794,0.052380953,0.534127,0.052380953,0.534127,0.27857143,0.43650794,0.27857143
TRAIN,../images/Photo on 10-03-2020 at 12.18-2020-03-10T11:00:52.474Z.jpg,0,0.63968253,0.575,0.7309524,0.575,0.7309524,0.7202381,0.63968253,0.7202381
TRAIN,../images/Photo on 10-03-2020 at 12.18-2020-03-10T11:00:52.474Z.jpg,X,0.6452381,0.31547618,0.75,0.31547618,0.75,0.4904762,0.6452381,0.4904762
TRAIN,../images/Photo on 10-03-2020 at 12.18-2020-03-10T11:00:52.474Z.jpg,0,0.4722222,0.36666667,0.5706349,0.36666667,0.5706349,0.51785713,0.4722222,0.51785713
TRAIN,../images/Photo on 10-03-2020 at 12.18-2020-03-10T11:00:52.474Z.jpg,X,0.46190476,0.59761906,0.5857143,0.59761906,0.5857143,0.76428574,0.46190476,0.76428574
TRAIN,../images/Photo on 10-03-2020 at 12.18-2020-03-10T11:00:52.474Z.jpg,X,0.2436508,0.007142857,0.3642857,0.007142857,0.3642857,0.22738095,0.2436508,0.22738095
TRAIN,../images/Photo on 10-03-2020 at 12.18-2020-03-10T11:00:52.474Z.jpg,0,0.4595238,0.011904762,0.5801587,0.011904762,0.5801587,0.20238096,0.4595238,0.20238096
TRAIN,../images/Photo on 10-03-2020 at 12.18-2020-03-10T11:00:52.474Z.jpg,0,0.30634922,0.6369048,0.41666666,0.6369048,0.41666666,0.7892857,0.30634922,0.7892857
TRAIN,../images/Photo on 10-03-2020 at 12.18-2020-03-10T11:00:52.474Z.jpg,X,0.6825397,0.0035714286,0.7753968,0.0035714286,0.7753968,0.18809524,0.6825397,0.18809524
TRAIN,../images/Photo on 10-03-2020 at 12.18-2020-03-10T11:00:52.474Z.jpg,X,0.26904762,0.3857143,0.38650793,0.3857143,0.38650793,0.5738095,0.26904762,0.5738095
TRAIN,../images/Photo on 10-03-2020 at 12.45 #8-2020-03-10T11:00:52.474Z.jpg,X,0.5769841,0.17380953,0.71031743,0.17380953,0.71031743,0.4059524,0.5769841,0.4059524
TRAIN,../images/Photo on 10-03-2020 at 12.45 #8-2020-03-10T11:00:52.474Z.jpg,0,0.6111111,0.4797619,0.7380952,0.4797619,0.7380952,0.6690476,0.6111111,0.6690476
TRAIN,../images/Photo on 10-03-2020 at 12.45 #8-2020-03-10T11:00:52.474Z.jpg,0,0.31825396,0.5714286,0.40873015,0.5714286,0.40873015,0.73214287,0.31825396,0.73214287
TRAIN,../images/Photo on 10-03-2020 at 12.45 #8-2020-03-10T11:00:52.474Z.jpg,X,0.45079365,0.5297619,0.5579365,0.5297619,0.5579365,0.7011905,0.45079365,0.7011905
TRAIN,../images/Photo on 10-03-2020 at 12.46 #3-2020-03-10T11:00:52.474Z.jpg,0,0.32619047,0.572619,0.41190475,0.572619,0.41190475,0.7404762,0.32619047,0.7404762
TRAIN,../images/Photo on 10-03-2020 at 12.46 #3-2020-03-10T11:00:52.474Z.jpg,0,0.40714285,0.028571429,0.52380955,0.028571429,0.52380955,0.25714287,0.40714285,0.25714287
TRAIN,../images/Photo on 10-03-2020 at 12.46 #3-2020-03-10T11:00:52.474Z.jpg,X,0.23968254,0.08452381,0.3793651,0.08452381,0.3793651,0.31666666,0.23968254,0.31666666
TRAIN,../images/Photo on 10-03-2020 at 12.46 #3-2020-03-10T11:00:52.474Z.jpg,X,0.5793651,0.18095239,0.7063492,0.18095239,0.7063492,0.4107143,0.5793651,0.4107143
TRAIN,../images/Photo on 10-03-2020 at 12.46 #3-2020-03-10T11:00:52.474Z.jpg,0,0.2984127,0.375,0.39126983,0.375,0.39126983,0.5297619,0.2984127,0.5297619
TRAIN,../images/Photo on 10-03-2020 at 12.46 #3-2020-03-10T11:00:52.474Z.jpg,0,0.61190474,0.47738096,0.7380952,0.47738096,0.7380952,0.67261904,0.61190474,0.67261904
TRAIN,../images/Photo on 10-03-2020 at 12.46 #3-2020-03-10T11:00:52.474Z.jpg,X,0.4642857,0.5297619,0.5579365,0.5297619,0.5579365,0.7190476,0.4642857,0.7190476
TRAIN,../images/Photo on 10-03-2020 at 12.46 #3-2020-03-10T11:00:52.474Z.jpg,0,0.42698413,0.2809524,0.53809524,0.2809524,0.53809524,0.49285713,0.42698413,0.49285713
TRAIN,../images/Photo on 10-03-2020 at 12.45 #5-2020-03-10T11:00:52.474Z.jpg,0,0.60952383,0.4857143,0.7380952,0.4857143,0.7380952,0.6666667,0.60952383,0.6666667
TRAIN,../images/Photo on 10-03-2020 at 12.44 #4-2020-03-10T11:00:52.474Z.jpg,0,0.2642857,0.08928572,0.4,0.08928572,0.4,0.32023808,0.2642857,0.32023808
TRAIN,../images/Photo on 10-03-2020 at 12.44 #4-2020-03-10T11:00:52.474Z.jpg,X,0.2888889,0.37380952,0.41746032,0.37380952,0.41746032,0.5595238,0.2888889,0.5595238
TRAIN,../images/Photo on 10-03-2020 at 12.44 #5-2020-03-10T11:00:52.474Z.jpg,X,0.2730159,0.37142858,0.42301586,0.37142858,0.42301586,0.56904763,0.2730159,0.56904763
TRAIN,../images/Photo on 10-03-2020 at 12.44 #5-2020-03-10T11:00:52.474Z.jpg,0,0.26507938,0.08571429,0.41031745,0.08571429,0.41031745,0.32142857,0.26507938,0.32142857
TRAIN,../images/Photo on 10-03-2020 at 12.44 #5-2020-03-10T11:00:52.474Z.jpg,0,0.43333334,0.046428572,0.5373016,0.046428572,0.5373016,0.29642856,0.43333334,0.29642856
TRAIN,../images/Photo on 10-03-2020 at 12.21-2020-03-10T11:00:52.474Z.jpg,0,0.20396826,0.18928571,0.33888888,0.18928571,0.33888888,0.43452382,0.20396826,0.43452382
TRAIN,../images/Photo on 10-03-2020 at 12.21-2020-03-10T11:00:52.474Z.jpg,X,0.66507936,0.13809524,0.7809524,0.13809524,0.7809524,0.3845238,0.66507936,0.3845238
TRAIN,../images/Photo on 10-03-2020 at 12.21-2020-03-10T11:00:52.474Z.jpg,X,0.5825397,0.45714286,0.75476193,0.45714286,0.75476193,0.63809526,0.5825397,0.63809526
TRAIN,../images/Photo on 10-03-2020 at 12.21-2020-03-10T11:00:52.474Z.jpg,X,0.23015873,0.45833334,0.34444445,0.45833334,0.34444445,0.70357144,0.23015873,0.70357144
TRAIN,../images/Photo on 10-03-2020 at 12.21-2020-03-10T11:00:52.474Z.jpg,0,0.43253967,0.16309524,0.5738095,0.16309524,0.5738095,0.42857143,0.43253967,0.42857143
TRAIN,../images/Photo on 10-03-2020 at 12.21-2020-03-10T11:00:52.474Z.jpg,0,0.44285715,0.5011905,0.51984125,0.5011905,0.51984125,0.6642857,0.44285715,0.6642857
TRAIN,../images/Photo on 10-03-2020 at 12.30-2020-03-10T11:00:52.474Z.jpg,X,0.43333334,0.275,0.55079365,0.275,0.55079365,0.4892857,0.43333334,0.4892857
TRAIN,../images/Photo on 10-03-2020 at 12.30-2020-03-10T11:00:52.474Z.jpg,0,0.46666667,0.5107143,0.5587302,0.5107143,0.5587302,0.71666664,0.46666667,0.71666664
TRAIN,../images/Photo on 10-03-2020 at 12.30-2020-03-10T11:00:52.474Z.jpg,0,0.2777778,0.35595238,0.37380952,0.35595238,0.37380952,0.5321429,0.2777778,0.5321429
TRAIN,../images/Photo on 10-03-2020 at 12.30-2020-03-10T11:00:52.474Z.jpg,X,0.64126986,0.0023809525,0.74603176,0.0023809525,0.74603176,0.1404762,0.64126986,0.1404762
TRAIN,../images/Photo on 10-03-2020 at 12.30-2020-03-10T11:00:52.474Z.jpg,0,0.43968254,0.0154761905,0.53650796,0.0154761905,0.53650796,0.21547619,0.43968254,0.21547619
TRAIN,../images/Photo on 10-03-2020 at 12.30-2020-03-10T11:00:52.474Z.jpg,X,0.5968254,0.17857143,0.72380954,0.17857143,0.72380954,0.42380953,0.5968254,0.42380953
TRAIN,../images/Photo on 10-03-2020 at 12.30-2020-03-10T11:00:52.474Z.jpg,0,0.6230159,0.5011905,0.70873016,0.5011905,0.70873016,0.6904762,0.6230159,0.6904762
TRAIN,../images/Photo on 10-03-2020 at 12.30-2020-03-10T11:00:52.474Z.jpg,0,0.31587303,0.58690476,0.40714285,0.58690476,0.40714285,0.7797619,0.31587303,0.7797619
TRAIN,../images/Photo on 10-03-2020 at 12.30-2020-03-10T11:00:52.474Z.jpg,X,0.22380953,0.0154761905,0.36190477,0.0154761905,0.36190477,0.25714287,0.22380953,0.25714287
TRAIN,../images/Photo on 10-03-2020 at 12.47 #4-2020-03-10T11:00:52.474Z.jpg,X,0.48412699,0.3952381,0.6079365,0.3952381,0.6079365,0.54285717,0.48412699,0.54285717
TRAIN,../images/Photo on 10-03-2020 at 12.47 #4-2020-03-10T11:00:52.474Z.jpg,0,0.47857141,0.16666667,0.5626984,0.16666667,0.5626984,0.375,0.47857141,0.375
TRAIN,../images/Photo on 10-03-2020 at 12.47 #4-2020-03-10T11:00:52.474Z.jpg,0,0.64761907,0.4,0.7190476,0.4,0.7190476,0.53690475,0.64761907,0.53690475
TRAIN,../images/Photo on 10-03-2020 at 12.47 #4-2020-03-10T11:00:52.474Z.jpg,0,0.3436508,0.41428572,0.43809524,0.41428572,0.43809524,0.5964286,0.3436508,0.5964286
TRAIN,../images/Photo on 10-03-2020 at 12.47 #4-2020-03-10T11:00:52.474Z.jpg,X,0.31587303,0.13452381,0.43174604,0.13452381,0.43174604,0.3595238,0.31587303,0.3595238
TRAIN,../images/Photo on 10-03-2020 at 12.47 #4-2020-03-10T11:00:52.474Z.jpg,0,0.64444447,0.13214286,0.72619045,0.13214286,0.72619045,0.3607143,0.64444447,0.3607143
TRAIN,../images/Photo on 10-03-2020 at 12.47 #4-2020-03-10T11:00:52.474Z.jpg,X,0.36825398,0.60119045,0.48015872,0.60119045,0.48015872,0.74642855,0.36825398,0.74642855
TRAIN,../images/Photo on 10-03-2020 at 12.47 #3-2020-03-10T11:00:52.474Z.jpg,0,0.35238096,0.41904762,0.44285715,0.41904762,0.44285715,0.5928571,0.35238096,0.5928571
TRAIN,../images/Photo on 10-03-2020 at 12.47 #3-2020-03-10T11:00:52.474Z.jpg,X,0.30952382,0.1452381,0.43492064,0.1452381,0.43492064,0.36309522,0.30952382,0.36309522
TRAIN,../images/Photo on 10-03-2020 at 12.47 #3-2020-03-10T11:00:52.474Z.jpg,X,0.48809522,0.3952381,0.6111111,0.3952381,0.6111111,0.56904763,0.48809522,0.56904763
TRAIN,../images/Photo on 10-03-2020 at 12.47 #3-2020-03-10T11:00:52.474Z.jpg,0,0.48015872,0.17380953,0.5642857,0.17380953,0.5642857,0.37738097,0.48015872,0.37738097
TRAIN,../images/Photo on 10-03-2020 at 12.47 #3-2020-03-10T11:00:52.474Z.jpg,0,0.64047617,0.13928571,0.72619045,0.13928571,0.72619045,0.34642857,0.64047617,0.34642857
TRAIN,../images/Photo on 10-03-2020 at 12.47 #3-2020-03-10T11:00:52.474Z.jpg,0,0.6515873,0.39761904,0.72380954,0.39761904,0.72380954,0.5392857,0.6515873,0.5392857
TRAIN,../images/Photo on 10-03-2020 at 12.19-2020-03-10T11:00:52.474Z.jpg,0,0.62142855,0.20119047,0.75079364,0.20119047,0.75079364,0.42142856,0.62142855,0.42142856
TRAIN,../images/Photo on 10-03-2020 at 12.19-2020-03-10T11:00:52.474Z.jpg,X,0.6484127,0.525,0.75555557,0.525,0.75555557,0.7154762,0.6484127,0.7154762
TRAIN,../images/Photo on 10-03-2020 at 12.19-2020-03-10T11:00:52.474Z.jpg,X,0.4063492,0.21428572,0.5452381,0.21428572,0.5452381,0.47857141,0.4063492,0.47857141
TRAIN,../images/Photo on 10-03-2020 at 12.19-2020-03-10T11:00:52.474Z.jpg,0,0.43888888,0.58809525,0.55079365,0.58809525,0.55079365,0.7392857,0.43888888,0.7392857
TRAIN,../images/Photo on 10-03-2020 at 12.19-2020-03-10T11:00:52.474Z.jpg,X,0.21111111,0.5857143,0.37460318,0.5857143,0.37460318,0.78690475,0.21111111,0.78690475
TRAIN,../images/Photo on 10-03-2020 at 12.19-2020-03-10T11:00:52.474Z.jpg,0,0.21984127,0.29285714,0.35396826,0.29285714,0.35396826,0.4904762,0.21984127,0.4904762
TRAIN,../images/Photo on 10-03-2020 at 12.45 #3-2020-03-10T11:00:52.474Z.jpg,0,0.26031747,0.08928572,0.40396824,0.08928572,0.40396824,0.32261905,0.26031747,0.32261905
TRAIN,../images/Photo on 10-03-2020 at 12.45 #3-2020-03-10T11:00:52.474Z.jpg,X,0.28968254,0.36785713,0.41746032,0.36785713,0.41746032,0.55833334,0.28968254,0.55833334
TRAIN,../images/Photo on 10-03-2020 at 12.45 #3-2020-03-10T11:00:52.474Z.jpg,0,0.34047619,0.60238093,0.42222223,0.60238093,0.42222223,0.74523807,0.34047619,0.74523807
TRAIN,../images/Photo on 10-03-2020 at 12.45 #3-2020-03-10T11:00:52.474Z.jpg,X,0.4531746,0.5404762,0.5769841,0.5404762,0.5769841,0.68214285,0.4531746,0.68214285
TRAIN,../images/Photo on 10-03-2020 at 12.45 #3-2020-03-10T11:00:52.474Z.jpg,X,0.5896825,0.0035714286,0.731746,0.0035714286,0.731746,0.20714286,0.5896825,0.20714286
TRAIN,../images/Photo on 10-03-2020 at 12.45 #3-2020-03-10T11:00:52.474Z.jpg,0,0.43888888,0.34166667,0.5492064,0.34166667,0.5492064,0.52738094,0.43888888,0.52738094
TRAIN,../images/Photo on 10-03-2020 at 12.45 #3-2020-03-10T11:00:52.474Z.jpg,0,0.43809524,0.05,0.53492063,0.05,0.53492063,0.29166666,0.43809524,0.29166666
TRAIN,../images/Photo on 10-03-2020 at 12.45 #3-2020-03-10T11:00:52.474Z.jpg,X,0.62460315,0.28690475,0.72936505,0.28690475,0.72936505,0.42857143,0.62460315,0.42857143
VALIDATION,../images/Photo on 10-03-2020 at 12.45 #7-2020-03-10T11:00:52.474Z.jpg,0,0.32063493,0.575,0.41111112,0.575,0.41111112,0.7380952,0.32063493,0.7380952
VALIDATION,../images/Photo on 10-03-2020 at 12.45 #7-2020-03-10T11:00:52.474Z.jpg,X,0.4484127,0.5309524,0.56349206,0.5309524,0.56349206,0.70714283,0.4484127,0.70714283
VALIDATION,../images/Photo on 10-03-2020 at 12.45 #7-2020-03-10T11:00:52.474Z.jpg,0,0.61190474,0.48690477,0.73888886,0.48690477,0.73888886,0.6642857,0.61190474,0.6642857
VALIDATION,../images/Photo on 10-03-2020 at 12.28-2020-03-10T11:00:52.474Z.jpg,X,0.22222222,0.11904762,0.35714287,0.11904762,0.35714287,0.34166667,0.22222222,0.34166667
VALIDATION,../images/Photo on 10-03-2020 at 12.28-2020-03-10T11:00:52.474Z.jpg,X,0.5888889,0.5392857,0.7007936,0.5392857,0.7007936,0.7202381,0.5888889,0.7202381
VALIDATION,../images/Photo on 10-03-2020 at 12.28-2020-03-10T11:00:52.474Z.jpg,X,0.61904764,0.03214286,0.74761903,0.03214286,0.74761903,0.2702381,0.61904764,0.2702381
VALIDATION,../images/Photo on 10-03-2020 at 12.28-2020-03-10T11:00:52.474Z.jpg,0,0.43571427,0.61785716,0.53650796,0.61785716,0.53650796,0.7619048,0.43571427,0.7619048
VALIDATION,../images/Photo on 10-03-2020 at 12.28-2020-03-10T11:00:52.474Z.jpg,0,0.5833333,0.31785715,0.6936508,0.31785715,0.6936508,0.5285714,0.5833333,0.5285714
VALIDATION,../images/Photo on 10-03-2020 at 12.28-2020-03-10T11:00:52.474Z.jpg,0,0.26825398,0.44404763,0.37698412,0.44404763,0.37698412,0.63214284,0.26825398,0.63214284
VALIDATION,../images/Photo on 10-03-2020 at 12.28-2020-03-10T11:00:52.474Z.jpg,X,0.42301586,0.39285713,0.53253967,0.39285713,0.53253967,0.572619,0.42301586,0.572619
VALIDATION,../images/Photo on 10-03-2020 at 12.28-2020-03-10T11:00:52.474Z.jpg,X,0.2936508,0.6654762,0.4079365,0.6654762,0.4079365,0.8130952,0.2936508,0.8130952
VALIDATION,../images/Photo on 10-03-2020 at 12.28-2020-03-10T11:00:52.474Z.jpg,0,0.39444444,0.09166667,0.5190476,0.09166667,0.5190476,0.35,0.39444444,0.35
VALIDATION,../images/Photo on 10-03-2020 at 12.46 #7-2020-03-10T11:00:52.474Z.jpg,X,0.4920635,0.39285713,0.6142857,0.39285713,0.6142857,0.5547619,0.4920635,0.5547619
VALIDATION,../images/Photo on 10-03-2020 at 12.46 #7-2020-03-10T11:00:52.474Z.jpg,0,0.34444445,0.41666666,0.44603175,0.41666666,0.44603175,0.59880954,0.34444445,0.59880954
VALIDATION,../images/Photo on 10-03-2020 at 12.46 #7-2020-03-10T11:00:52.474Z.jpg,0,0.47301587,0.17261904,0.56666666,0.17261904,0.56666666,0.3702381,0.47301587,0.3702381
VALIDATION,../images/Photo on 10-03-2020 at 12.46 #2-2020-03-10T11:00:52.474Z.jpg,0,0.6134921,0.48214287,0.73571426,0.48214287,0.73571426,0.66071427,0.6134921,0.66071427
VALIDATION,../images/Photo on 10-03-2020 at 12.46 #2-2020-03-10T11:00:52.474Z.jpg,X,0.5857143,0.1797619,0.71190476,0.1797619,0.71190476,0.38690478,0.5857143,0.38690478
VALIDATION,../images/Photo on 10-03-2020 at 12.46 #2-2020-03-10T11:00:52.474Z.jpg,X,0.44206348,0.5202381,0.5674603,0.5202381,0.5674603,0.7095238,0.44206348,0.7095238
VALIDATION,../images/Photo on 10-03-2020 at 12.46 #2-2020-03-10T11:00:52.474Z.jpg,0,0.29920635,0.3702381,0.39126983,0.3702381,0.39126983,0.51547617,0.29920635,0.51547617
VALIDATION,../images/Photo on 10-03-2020 at 12.46 #2-2020-03-10T11:00:52.474Z.jpg,0,0.32142857,0.56666666,0.41269842,0.56666666,0.41269842,0.73214287,0.32142857,0.73214287
VALIDATION,../images/Photo on 10-03-2020 at 12.46 #2-2020-03-10T11:00:52.474Z.jpg,X,0.24126984,0.08214286,0.3809524,0.08214286,0.3809524,0.31190476,0.24126984,0.31190476
VALIDATION,../images/Photo on 10-03-2020 at 12.46 #2-2020-03-10T11:00:52.474Z.jpg,0,0.43095237,0.2809524,0.5420635,0.2809524,0.5420635,0.48333332,0.43095237,0.48333332
TEST,../images/Photo on 10-03-2020 at 12.47-2020-03-10T11:00:52.474Z.jpg,0,0.6420635,0.13452381,0.73015875,0.13452381,0.73015875,0.34285715,0.6420635,0.34285715
TEST,../images/Photo on 10-03-2020 at 12.47-2020-03-10T11:00:52.474Z.jpg,0,0.3452381,0.41904762,0.44523808,0.41904762,0.44523808,0.5964286,0.3452381,0.5964286
TEST,../images/Photo on 10-03-2020 at 12.47-2020-03-10T11:00:52.474Z.jpg,X,0.48492062,0.39880952,0.6047619,0.39880952,0.6047619,0.55595237,0.48492062,0.55595237
TEST,../images/Photo on 10-03-2020 at 12.47-2020-03-10T11:00:52.474Z.jpg,0,0.47142857,0.175,0.5650794,0.175,0.5650794,0.37261903,0.47142857,0.37261903
TEST,../images/Photo on 10-03-2020 at 12.20-2020-03-10T11:00:52.474Z.jpg,0,0.22857143,0.375,0.36190477,0.375,0.36190477,0.55833334,0.22857143,0.55833334
TEST,../images/Photo on 10-03-2020 at 12.20-2020-03-10T11:00:52.474Z.jpg,0,0.568254,0.0023809525,0.73253965,0.0023809525,0.73253965,0.22619048,0.568254,0.22619048
TEST,../images/Photo on 10-03-2020 at 12.20-2020-03-10T11:00:52.474Z.jpg,0,0.23253968,0.6357143,0.39126983,0.6357143,0.39126983,0.7916667,0.23253968,0.7916667
TEST,../images/Photo on 10-03-2020 at 12.20-2020-03-10T11:00:52.474Z.jpg,0,0.43174604,0.6333333,0.5777778,0.6333333,0.5777778,0.7892857,0.43174604,0.7892857
TEST,../images/Photo on 10-03-2020 at 12.20-2020-03-10T11:00:52.474Z.jpg,X,0.43968254,0.34642857,0.55714285,0.34642857,0.55714285,0.55833334,0.43968254,0.55833334
TEST,../images/Photo on 10-03-2020 at 12.20-2020-03-10T11:00:52.474Z.jpg,X,0.17460318,0.027380953,0.35873017,0.027380953,0.35873017,0.25833333,0.17460318,0.25833333
TEST,../images/Photo on 10-03-2020 at 12.20-2020-03-10T11:00:52.474Z.jpg,0,0.40555555,0.0035714286,0.53253967,0.0035714286,0.53253967,0.25714287,0.40555555,0.25714287
TEST,../images/Photo on 10-03-2020 at 12.20-2020-03-10T11:00:52.474Z.jpg,X,0.6603175,0.575,0.77063495,0.575,0.77063495,0.75,0.6603175,0.75
TEST,../images/Photo on 10-03-2020 at 12.20-2020-03-10T11:00:52.474Z.jpg,X,0.6333333,0.27738094,0.75793654,0.27738094,0.75793654,0.4738095,0.6333333,0.4738095
TEST,../images/Photo on 10-03-2020 at 12.45 #9-2020-03-10T11:00:52.474Z.jpg,X,0.57539684,0.19404761,0.7095238,0.19404761,0.7095238,0.3857143,0.57539684,0.3857143
TEST,../images/Photo on 10-03-2020 at 12.45 #9-2020-03-10T11:00:52.474Z.jpg,0,0.6166667,0.47619048,0.73968256,0.47619048,0.73968256,0.6654762,0.6166667,0.6654762
TEST,../images/Photo on 10-03-2020 at 12.45 #9-2020-03-10T11:00:52.474Z.jpg,0,0.43333334,0.27857143,0.53968257,0.27857143,0.53968257,0.4845238,0.43333334,0.4845238
TEST,../images/Photo on 10-03-2020 at 12.45 #9-2020-03-10T11:00:52.474Z.jpg,0,0.32142857,0.572619,0.41349205,0.572619,0.41349205,0.73452383,0.32142857,0.73452383
TEST,../images/Photo on 10-03-2020 at 12.45 #9-2020-03-10T11:00:52.474Z.jpg,X,0.45873016,0.52380955,0.55714285,0.52380955,0.55714285,0.72619045,0.45873016,0.72619045
TEST,../images/Photo on 10-03-2020 at 12.46 #6-2020-03-10T11:00:52.474Z.jpg,X,0.47619048,0.39404762,0.61031747,0.39404762,0.61031747,0.54761904,0.47619048,0.54761904
TEST,../images/Photo on 10-03-2020 at 12.46 #6-2020-03-10T11:00:52.474Z.jpg,0,0.48095238,0.17380953,0.5611111,0.17380953,0.5611111,0.36666667,0.48095238,0.36666667
TEST,../images/Photo on 10-03-2020 at 12.36-2020-03-10T11:00:52.474Z.jpg,0,0.64761907,0.53809524,0.73968256,0.53809524,0.73968256,0.7178571,0.64761907,0.7178571
TEST,../images/Photo on 10-03-2020 at 12.36-2020-03-10T11:00:52.474Z.jpg,X,0.62222224,0.3345238,0.731746,0.3345238,0.731746,0.46666667,0.62222224,0.46666667
TEST,../images/Photo on 10-03-2020 at 12.36-2020-03-10T11:00:52.474Z.jpg,0,0.43809524,0.052380953,0.55079365,0.052380953,0.55079365,0.25238097,0.43809524,0.25238097
TEST,../images/Photo on 10-03-2020 at 12.36-2020-03-10T11:00:52.474Z.jpg,X,0.28809524,0.39880952,0.3936508,0.39880952,0.3936508,0.5547619,0.28809524,0.5547619
TEST,../images/Photo on 10-03-2020 at 12.36-2020-03-10T11:00:52.474Z.jpg,0,0.45238096,0.57738096,0.53571427,0.57738096,0.53571427,0.71309525,0.45238096,0.71309525
TEST,../images/Photo on 10-03-2020 at 12.36-2020-03-10T11:00:52.474Z.jpg,0,0.24761905,0.067857146,0.3674603,0.067857146,0.3674603,0.27738094,0.24761905,0.27738094
TEST,../images/Photo on 10-03-2020 at 12.36-2020-03-10T11:00:52.474Z.jpg,X,0.6468254,0.0023809525,0.7595238,0.0023809525,0.7595238,0.225,0.6468254,0.225
TEST,../images/Photo on 10-03-2020 at 12.36-2020-03-10T11:00:52.474Z.jpg,0,0.4579365,0.3702381,0.534127,0.3702381,0.534127,0.5214286,0.4579365,0.5214286
TEST,../images/Photo on 10-03-2020 at 12.36-2020-03-10T11:00:52.474Z.jpg,X,0.29126984,0.62738097,0.40555555,0.62738097,0.40555555,0.75,0.29126984,0.75
